Thumb,index,middle,ring,pinky,pitch,roll,label
19,84,86,83,89,-102.24,-43.48,A
23,88,91,92,95,-99.25,-43.36,A
21,89,91,92,94,-96.96,-42.52,A
21,89,91,92,94,-94.85,-41.73,A
23,88,91,92,94,-92.87,-41.96,A
27,88,87,91,93,-90.95,-41.08,A
27,88,91,92,93,-89.35,-40.3,A
30,86,89,91,92,-87.71,-39.42,A
31,85,91,93,93,-86.12,-38.81,A
35,87,90,91,94,-84.64,-38.28,A
34,86,89,92,92,-83.36,-37.83,A
32,85,90,92,92,-81.55,-37.06,A
29,87,90,92,92,-79.93,-36.49,A
31,87,92,91,91,-78.51,-35.69,A
28,87,90,95,92,-77.12,-35.17,A
33,86,90,91,92,-75.84,-34.47,A
33,85,89,91,92,-74.38,-33.72,A
31,85,90,89,92,-72.76,-33.21,A
37,86,87,90,91,-71.26,-32.64,A
31,86,90,92,93,-69.99,-31.79,A
33,86,89,90,91,-68.85,-31,A
34,86,91,92,92,-67.45,-29.91,A
32,86,89,90,91,-66.24,-29.57,A
34,85,89,91,91,-64.77,-28.88,A
32,85,89,92,91,-63.56,-28.68,A
32,85,89,93,91,-62.61,-28.57,A
33,87,88,92,92,-61.67,-28.25,A
34,88,89,91,91,-60.5,-27.56,A
33,85,89,90,91,-59.56,-27.01,A
34,85,89,91,91,-58.46,-26.36,A
35,86,89,89,91,-57.4,-25.87,A
35,85,89,91,91,-56.7,-25.81,A
34,85,88,92,91,-55.65,-25.39,A
31,87,89,92,91,-55.02,-25.21,A
34,86,89,91,91,-54.06,-24.66,A
33,87,89,90,90,-54.07,-24.31,A
34,86,89,91,91,-55.94,-21.19,A
25,79,84,85,87,-59.25,-22.21,A
42,86,87,89,89,-57.31,-22.8,A
68,69,73,67,75,-50.42,-21.91,A
0,89,91,92,93,-19.66,-26.68,A
0,90,91,92,94,-18.84,-26.75,A
0,89,92,92,95,-18.76,-26.32,A
0,90,91,91,93,-18.27,-26.26,A
7,87,91,92,93,-19.53,-26.09,A
19,85,90,92,93,-19.55,-25.22,A
22,86,90,91,93,-18.62,-24.21,A
24,86,90,90,94,-17.99,-22.98,A
28,86,88,89,93,-17.28,-22.28,A
31,87,90,93,93,-15.83,-23.11,A
35,86,89,89,93,-13.58,-22.32,A
37,86,90,90,93,-13.63,-21.1,A
36,86,90,90,92,-13.59,-20.58,A
36,86,90,89,93,-13.73,-20.04,A
36,82,87,89,93,-12.94,-19.51,A
33,85,90,89,94,-12.76,-19.15,A
36,85,91,91,94,-12.56,-18.9,A
36,85,90,90,93,-12.02,-18.32,A
38,85,90,89,92,-12.12,-18.27,A
39,86,89,90,92,-11.64,-17.77,A
38,85,89,88,92,-11.34,-17.62,A
38,86,89,89,92,-11.15,-17.39,A
40,85,88,90,92,-11.07,-17.14,A
43,86,90,86,90,-10.93,-16.74,A
40,86,89,90,92,-10.81,-16.34,A
39,86,90,89,92,-10.49,-16.19,A
39,86,90,90,91,-10.12,-15.69,A
39,82,91,85,93,-10.19,-15.61,A
40,84,89,89,92,-10.1,-15.32,A
40,85,88,88,92,-10.3,-15.2,A
41,84,91,89,92,-9.94,-14.6,A
43,87,87,89,92,-9.93,-14.31,A
38,85,90,89,91,-9.57,-13.96,A
39,86,88,89,92,-8.41,-13.11,A
40,85,88,88,92,-11.11,-16.47,A
36,85,88,88,91,-11.16,-15.65,A
38,86,89,88,92,-10.91,-15.51,A
41,85,90,88,92,-10.76,-15.75,A
40,85,89,89,92,-10.77,-15.84,A
40,85,89,89,92,-10.49,-15.67,A
40,86,88,89,91,-10.32,-15.41,A
39,85,88,90,91,-9.91,-15.17,A
39,86,90,89,92,-9.91,-15.27,A
40,86,86,85,90,-9.9,-15.2,A
34,84,88,88,91,-9.76,-15.13,A
41,85,88,89,91,-9.18,-14.71,A
40,85,88,89,92,-8.67,-14.76,A
40,84,88,88,92,-8.65,-14.58,A
42,85,89,89,92,-8.83,-14.37,A
38,85,89,88,92,-8.93,-14.1,A
40,85,89,89,92,-8.61,-14.03,A
40,86,88,89,92,-8.41,-13.92,A
40,84,88,89,91,-8.37,-13.77,A
40,86,87,87,91,-7.96,-13.66,A
41,86,88,88,91,-7.67,-13.52,A
41,85,89,89,91,-7.51,-13.26,A
43,90,89,88,91,-7.92,-12.53,A
42,85,88,89,91,-8.02,-12.29,A
42,85,89,88,90,-8.08,-11.83,A
42,85,89,89,91,-7.91,-12.1,A
82,0,0,0,0,-10.48,-11.91,B
82,4,0,0,0,-11.37,-13.21,B
83,1,0,0,1,-11.34,-12.88,B
84,1,0,0,1,-13.43,-13.42,B
92,3,0,4,2,-13.66,-12.52,B
92,6,2,8,3,-9.99,-10.9,B
92,7,3,12,4,-8.67,-9.95,B
85,11,5,17,5,-7.94,-9.63,B
93,16,7,19,7,-7.39,-9.59,B
100,5,7,19,5,-19.1,-7.65,B
100,3,6,15,3,-18.57,-7.07,B
100,3,5,12,2,-18.36,-7.15,B
100,4,6,15,1,-18.08,-7.07,B
100,2,6,16,2,-18.16,-7.15,B
100,3,8,18,2,-17.84,-6.95,B
100,3,7,18,2,-17.44,-7.1,B
100,4,10,17,2,-20.75,-3.34,B
98,4,8,17,2,-20.4,-3.52,B
100,3,7,18,1,-20.15,-3.69,B
100,2,7,14,1,-19.94,-3.87,B
94,3,7,18,1,-20.2,-3.95,B
100,1,6,19,1,-19.28,-4.14,B
99,3,7,19,1,-19.18,-3.96,B
95,3,7,19,1,-18.75,-3.88,B
95,3,6,18,1,-18.44,-3.04,B
96,2,6,17,1,-18.69,-3.24,B
97,1,4,19,1,-18.93,-3.23,B
97,2,5,18,0,-18.84,-3.2,B
97,2,6,19,1,-19.26,-3.06,B
95,3,4,18,0,-19.18,-3.21,B
98,2,8,19,2,-19.16,-2.86,B
95,3,3,19,1,-18.85,-2.73,B
98,2,5,18,1,-18.98,-2.95,B
97,3,5,19,1,-18.8,-2.82,B
96,3,3,19,0,-19.55,-4.72,B
95,2,6,19,0,-18.25,-5.03,B
99,2,6,19,0,-17.92,-5.35,B
96,3,6,19,0,-17.85,-5.63,B
97,3,5,18,1,-17.73,-5.66,B
95,4,4,15,1,-17.49,-5.25,B
100,4,4,15,1,-17.38,-5.66,B
97,4,5,16,2,-17.62,-5.66,B
95,1,4,17,1,-16.89,-5.27,B
57,3,4,15,0,-18.52,-4.5,B
73,3,5,16,0,-20.08,-4.45,B
78,4,5,16,0,-21.07,-4.61,B
88,5,4,16,1,-21.27,-4.99,B
80,4,5,16,0,-21.54,-4.89,B
82,3,4,15,0,-21.71,-4.6,B
87,2,4,15,0,-20.82,-2.87,B
84,3,4,15,0,-20.55,-1.49,B
88,3,6,15,0,-20.99,-1.43,B
88,3,2,18,0,-21.4,-1.83,B
87,4,4,16,1,-21.22,-2.43,B
89,3,5,17,1,-20.31,-1.9,B
86,3,5,17,0,-19.71,-2.01,B
88,3,5,17,0,-19.66,-2.39,B
87,3,4,17,0,-19.6,-2.91,B
90,3,5,19,0,-19.94,-3.21,B
87,2,6,17,0,-20.57,-3.86,B
87,4,5,17,1,-20.39,-3.94,B
88,2,3,16,0,-20.78,-3.54,B
83,3,6,17,0,-21.02,-3.49,B
85,3,6,17,0,-20.23,-4.08,B
88,3,6,17,0,-20.44,-4.31,B
88,3,5,17,0,-21.01,-5.18,B
89,3,6,17,0,-21.35,-5.88,B
90,2,6,19,1,-21.65,-6.24,B
90,4,6,19,0,-21.35,-10.72,B
85,4,6,19,0,-20.31,-10.87,B
90,4,7,19,1,-20.83,-10.78,B
90,3,7,19,1,-18.66,-9.32,B
90,4,6,19,1,-18.34,-8.75,B
88,3,6,18,1,-18.04,-8.42,B
88,3,7,19,0,-18.03,-8.36,B
89,3,6,19,0,-17.87,-8.3,B
96,4,6,18,0,-18.45,-8.4,B
90,3,6,19,0,-18.28,-8.72,B
90,4,6,19,1,-18.36,-8.96,B
90,1,7,19,0,-18.19,-8.92,B
88,5,7,19,0,-17.96,-8.95,B
93,1,8,16,0,-18.06,-8.91,B
92,4,4,14,0,-17.91,-8.44,B
88,4,6,18,0,-18.34,-8.51,B
90,3,6,18,1,-18.38,-8.31,B
89,3,6,18,1,-18.44,-8.53,B
90,3,6,19,0,-17.56,-8.07,B
88,3,6,19,0,-17.55,-7.62,B
90,2,6,19,1,-17.46,-7.49,B
89,3,6,18,1,-17.24,-7.28,B
89,3,6,19,0,-17.2,-7.35,B
92,2,6,19,0,-17.22,-7.21,B
93,3,6,19,1,-17.08,-6.99,B
88,4,7,17,0,-17.35,-7.33,B
88,3,6,19,1,-16.98,-7.55,B
92,1,7,19,0,-17.01,-7.32,B
92,4,7,18,1,-17.02,-7.12,B
88,3,3,19,1,-16.81,-6.72,B
89,3,7,19,1,-16.67,-6.73,B
93,4,5,17,1,-16.49,-6.42,B
100,1,91,92,95,-16.69,-30.52,D
100,2,91,93,94,-18.09,-32,D
100,4,92,93,93,-16.65,-32.43,D
100,4,92,91,93,-15.8,-31.79,D
100,4,89,90,92,-15.79,-31.99,D
100,4,92,93,93,-15.55,-32.48,D
100,5,91,91,91,-15.45,-32.27,D
100,4,91,91,91,-15.78,-31.79,D
100,2,91,91,90,-15.76,-31.89,D
100,2,91,91,90,-15.4,-31.55,D
100,5,92,93,91,-15.53,-30.7,D
100,5,91,88,91,-15.7,-30.66,D
100,3,92,91,90,-15.97,-30.22,D
100,7,91,92,90,-16.22,-30.58,D
100,6,91,92,90,-16.13,-30.66,D
100,5,92,91,90,-16.27,-30.68,D
100,6,90,90,88,-16.24,-30.33,D
100,5,91,91,90,-16.28,-30.37,D
100,5,91,92,89,-16,-30.26,D
99,6,91,91,90,-15.17,-29.79,D
100,6,90,92,90,-15.04,-29.79,D
100,5,90,94,86,-14.81,-29.6,D
99,6,93,95,90,-14.4,-29.05,D
100,1,95,89,89,-14.37,-28.48,D
100,6,90,93,91,-14.46,-28.39,D
99,6,91,91,90,-14.57,-28.32,D
98,6,91,91,89,-14.77,-29.73,D
98,6,93,92,90,-15.18,-29.77,D
97,6,92,91,88,-15.26,-30.24,D
100,6,91,92,90,-15.7,-30.26,D
97,5,90,91,89,-15.85,-30.29,D
98,6,91,92,89,-15.49,-29.6,D
100,6,88,90,88,-15.58,-29.66,D
100,5,88,91,91,-15.56,-29.66,D
100,7,91,93,89,-16.19,-29.09,D
97,6,91,92,88,-17.4,-27.42,D
99,9,90,90,90,-17.69,-27.31,D
99,7,92,91,89,-17.85,-27.73,D
98,8,90,90,89,-16.75,-27.56,D
96,6,93,90,89,-18.48,-25.96,D
100,7,90,89,89,-16.27,-27.29,D
96,7,93,91,88,-17.8,-30.64,D
99,9,91,90,89,-13.72,-28.32,D
100,13,95,96,91,-15.76,-30.14,D
100,12,97,100,93,-19.75,-31.13,D
100,11,95,94,90,-18.07,-30.97,D
100,11,94,96,91,-18.41,-32,D
100,10,95,95,90,-18.65,-31.29,D
100,9,95,94,90,-19.06,-31.35,D
100,8,97,96,90,-18.36,-29.99,D
100,8,96,95,90,-17.63,-30.84,D
100,8,96,95,90,-18.48,-31.26,D
100,8,93,95,90,-17.88,-30.31,D
100,9,94,95,90,-18.44,-30.73,D
100,8,94,96,90,-17.99,-31.15,D
100,10,95,92,90,-17.46,-31.6,D
100,11,96,96,88,-17.49,-31.8,D
100,10,94,95,90,-17.37,-31.22,D
100,9,95,95,90,-16.36,-31.09,D
100,10,94,95,90,-15.36,-31.07,D
100,10,95,95,90,-14.41,-30.23,D
100,11,96,95,90,-13.98,-30.03,D
100,11,93,96,91,-15.03,-29.63,D
100,9,96,95,91,-14.91,-29.87,D
100,10,94,96,90,-14.79,-29.5,D
100,11,95,95,90,-14.77,-29.23,D
100,10,95,94,90,-14.31,-28.85,D
100,11,93,95,92,-14.59,-28.3,D
100,12,94,98,92,-14.61,-28.43,D
100,11,95,94,89,-14.96,-28.37,D
100,10,95,94,89,-14.93,-28.42,D
100,10,95,95,90,-14.75,-27.79,D
100,11,95,96,90,-14.71,-27.54,D
100,11,94,95,91,-14.68,-27.64,D
100,10,94,94,90,-15.17,-27.31,D
100,11,94,94,89,-15.24,-27.27,D
100,12,94,95,90,-15.16,-27.43,D
100,11,95,95,90,-15.29,-27.24,D
100,12,95,95,89,-14.82,-27.09,D
100,13,95,95,88,-15.58,-27.79,D
100,11,94,95,90,-15.31,-26.9,D
100,12,95,93,91,-15.49,-26.36,D
100,12,95,95,90,-17.22,-24.4,D
100,11,94,95,90,-18.33,-24.74,D
100,15,95,95,90,-19.7,-24.2,D
100,14,95,95,90,-18.93,-24.08,D
100,14,94,94,90,-18.27,-23.99,D
100,14,95,97,91,-18.29,-24.11,D
100,13,95,96,90,-15.98,-23.54,D
100,13,95,95,90,-15.32,-23.55,D
100,12,94,90,89,-14.5,-23.44,D
100,14,95,95,90,-14.48,-23.35,D
100,14,94,95,90,-14.56,-22.65,D
100,14,95,92,88,-14.04,-22.55,D
100,14,93,94,90,-14.06,-22.7,D
100,14,95,94,90,-14.54,-23.25,D
100,15,95,95,90,-15.43,-23.66,D
100,14,95,95,90,-14.42,-23.33,D
100,15,94,95,89,-13.85,-22.84,D
100,17,91,92,89,-14.97,-24.56,D
98,94,90,95,77,43.27,59.01,E
100,93,90,94,80,41.2,57.35,E
99,96,93,93,81,39.35,55.81,E
100,94,96,96,79,37.71,53.94,E
100,92,93,95,78,36.02,53.92,E
100,92,92,94,78,33.28,52.88,E
100,92,92,95,76,31.02,50.82,E
100,91,92,95,76,19.84,45.77,E
100,92,92,95,76,18.6,44.34,E
100,92,94,97,76,17.22,40.71,E
100,93,92,96,79,14.1,35.13,E
100,91,90,96,84,13.44,33.26,E
100,91,90,95,87,12.63,31.84,E
100,91,92,96,90,11.7,30.81,E
100,92,93,96,89,7.36,28.53,E
100,92,92,95,89,4.65,26.38,E
100,93,93,95,88,1.79,24.26,E
100,93,88,98,89,-0.47,21.63,E
100,91,94,95,88,-2.41,21.28,E
100,93,93,97,87,-2.95,21.48,E
100,92,93,96,87,-3.76,20.86,E
100,91,92,95,86,-3.45,20.93,E
100,93,90,95,86,-4.01,20.15,E
100,92,91,96,87,-5.56,19.93,E
100,92,92,95,86,-6.45,19.76,E
100,92,93,96,86,-7.84,19.19,E
100,91,91,95,86,-8.15,18.48,E
100,94,87,94,86,-8.75,16.16,E
100,93,93,96,85,-10.04,15.44,E
97,94,93,92,86,-9.69,14.65,E
100,92,89,92,86,-10.24,14.93,E
100,93,93,95,85,-11.56,13.91,E
100,92,93,96,85,-11.35,13.67,E
100,93,93,93,85,-12.68,13.73,E
100,93,91,91,84,-13.31,13.24,E
100,92,93,95,85,-14.41,14.49,E
100,93,93,97,85,-13.72,13.87,E
100,91,93,95,85,-13.31,14.73,E
100,91,94,96,85,-11.71,13.17,E
100,93,94,97,85,-12.64,11.87,E
100,92,93,95,85,-13.29,11.96,E
100,92,94,94,85,-13.8,11.22,E
100,92,93,95,85,-14.17,10.71,E
100,91,92,96,85,-14.58,10.19,E
100,93,88,94,86,-14.93,9.46,E
94,92,92,96,84,-19.4,11,E
100,92,92,93,84,-19.64,11.7,E
100,92,92,96,85,-21.78,10.13,E
100,93,94,95,85,-21.28,9.67,E
100,95,92,96,85,-23.09,9.68,E
100,95,92,95,84,-22.21,10.25,E
100,92,93,96,85,-22.77,9.05,E
100,93,93,95,85,-22.96,8.91,E
100,92,93,95,84,-23.68,8.47,E
100,92,93,96,84,-22.16,8.49,E
100,93,93,95,84,-26.03,9.25,E
100,96,95,98,83,-26.3,10.15,E
100,92,93,96,84,-25.57,12.44,E
100,91,93,96,84,-25.46,10.17,E
95,93,91,99,84,-27.87,9.15,E
100,94,95,98,83,-28.27,9.77,E
100,91,94,96,84,-29.71,10.19,E
100,92,92,96,83,-29.31,7.3,E
100,91,94,96,84,-27.8,4.55,E
100,92,93,95,83,-25.31,3.23,E
100,91,95,96,85,-25.71,3.33,E
96,89,93,96,83,-26.31,2.71,E
100,91,91,95,84,-26.1,1.32,E
100,91,93,95,83,-25.23,2.7,E
100,91,92,95,86,-25.79,2.84,E
100,92,93,95,85,-23.23,3.54,E
100,93,93,96,84,-24.06,2.05,E
100,91,95,96,84,-24.67,1.83,E
96,89,89,96,84,-25.83,2.43,E
100,92,93,95,83,-26.53,1.7,E
100,92,93,95,83,-26.66,1.35,E
99,91,91,95,83,-27.25,0.94,E
100,91,94,97,83,-27.06,1.07,E
100,91,93,95,83,-29.81,2.34,E
100,89,93,96,82,-30.98,2.54,E
100,90,94,97,84,-31.09,1.34,E
100,93,92,95,83,-32.62,2.09,E
100,91,95,97,83,-31.24,1.39,E
100,90,93,95,83,-31.46,1.53,E
100,91,93,95,83,-32.61,2,E
100,91,93,96,83,-33.55,3.36,E
100,92,92,95,84,-35.08,3.18,E
100,92,93,95,83,-36.17,2.98,E
100,91,93,96,83,-36.21,3.12,E
100,91,93,95,83,-35.33,1.56,E
100,92,93,96,84,-35.15,0.5,E
100,92,92,96,83,-35.64,0.48,E
100,93,94,96,83,-34.41,0.17,E
100,90,93,96,83,-34.74,-0.81,E
100,89,93,94,83,-33.94,-0.64,E
100,91,93,97,83,-34.39,-1.31,E
100,91,92,96,83,-35.2,-0.9,E
100,92,92,94,83,-35.44,-2.25,E
100,92,92,95,83,-34.27,-2.52,E
100,92,93,95,83,-34.94,-2.62,E
23,87,29,13,27,-31.61,4.37,F
33,91,26,13,6,-31.31,7.42,F
65,90,23,11,4,-32.02,9.22,F
66,88,20,10,4,-31.73,9.47,F
64,89,19,10,1,-30.94,9.11,F
33,87,19,12,6,-31.03,8.25,F
82,89,21,15,5,-32.93,5.83,F
58,86,25,12,2,-34.74,4.44,F
56,86,23,13,1,-34.58,4.33,F
57,87,26,16,2,-33.74,4.41,F
71,85,27,17,3,-33.22,4.07,F
88,89,29,23,3,-31.18,3.73,F
81,89,27,18,5,-26.57,1.52,F
46,91,26,19,6,-26.49,1.1,F
100,91,28,29,8,-20.63,-0.01,F
100,91,28,28,5,-21.62,-1.54,F
100,91,25,22,3,-22.21,-1.66,F
100,91,25,20,4,-22.52,-1.73,F
100,92,24,17,5,-22.23,-1.51,F
100,90,26,17,1,-22.91,-1.91,F
100,89,26,17,2,-23.02,-1.65,F
100,90,26,18,2,-23.07,-1.12,F
100,89,26,20,2,-23.07,-1.46,F
100,90,28,20,2,-23.13,-1.43,F
100,89,27,20,1,-23.08,-1.29,F
100,93,28,21,2,-23.36,-1.31,F
100,88,28,21,2,-23.66,-1.76,F
100,90,29,23,3,-23.35,-1.85,F
100,90,28,24,3,-23.15,-1.92,F
100,90,29,24,3,-23.07,-1.95,F
86,84,28,20,2,-18.38,-3.45,F
87,84,26,23,2,-19.4,-2.35,F
74,82,26,26,4,-19.87,-0.03,F
77,85,26,29,2,-18.49,1.19,F
89,15,97,98,96,-57.36,-61.09,G
100,12,100,100,98,-9.26,-87.68,G
100,12,100,100,97,-3.72,88.48,G
100,12,100,100,98,-0.87,87.43,G
100,14,100,100,98,1.38,86.94,G
100,13,100,100,97,1.06,-89.03,G
100,13,100,100,96,1.7,-86.79,G
100,15,100,100,96,3.68,-86.51,G
100,14,100,100,95,6.04,-86.37,G
100,12,100,100,96,8.32,-87.16,G
100,15,100,100,95,10.21,-88.46,G
100,19,100,100,95,12.29,-88.89,G
100,16,100,100,95,14.76,89.81,G
100,16,100,100,95,16.55,89.1,G
100,16,100,100,94,18.84,88.68,G
100,16,100,100,95,20.7,87.82,G
100,19,100,100,92,22.13,87.41,G
100,16,100,100,94,23.73,86.67,G
100,19,100,100,95,25.92,86.64,G
100,16,100,100,96,28.69,86.2,G
100,18,100,100,93,30.71,86.11,G
100,17,100,100,94,32.83,84.96,G
100,19,100,100,93,34.81,83.72,G
100,17,100,100,93,36.61,83.33,G
100,19,100,100,93,38.59,82.43,G
100,18,100,100,94,40.16,82.34,G
100,19,100,100,94,41.6,82.1,G
100,19,100,100,95,42.96,81.78,G
100,19,100,100,92,45.07,81.16,G
100,19,100,100,93,46.72,80.25,G
100,19,100,100,93,48.55,78.64,G
100,18,100,100,93,51.53,77.93,G
100,19,100,100,93,54.99,76.53,G
100,18,100,100,93,58.22,75.45,G
100,18,100,100,93,60.26,74.9,G
100,19,100,100,93,66.6,73.64,G
100,19,100,100,92,70.24,72.59,G
100,17,100,100,92,71.4,72.06,G
100,18,100,100,92,75.89,70.86,G
100,19,100,100,92,76.9,70.59,G
100,19,100,100,92,77.84,70.38,G
100,19,100,100,91,79.81,68.01,G
100,19,100,100,92,81.7,68.5,G
100,19,100,100,92,92.17,66.21,G
100,10,100,100,91,68.97,64.92,G
99,11,100,100,91,68.64,65.15,G
98,8,100,100,91,69.36,65.26,G
97,9,100,100,90,69.57,65.98,G
93,11,100,100,88,67.61,66.84,G
93,10,100,100,87,67.39,71.9,G
92,10,100,100,87,70.89,73.36,G
91,9,100,100,85,70.11,72.23,G
91,8,100,99,84,70.86,72.1,G
91,10,99,100,84,71.72,72.18,G
92,10,100,100,84,69.73,71.72,G
89,11,100,100,85,72,72.13,G
88,13,99,99,83,70.49,74.87,G
93,10,99,100,83,72.46,74.1,G
94,10,99,100,83,75.11,73.72,G
97,12,98,100,82,73.2,72.07,G
92,11,100,100,82,72.08,71.48,G
91,13,100,100,82,71.8,71.89,G
92,12,99,99,82,71.05,71.01,G
91,11,99,100,82,70.81,71.14,G
90,12,99,100,82,70.05,70.43,G
97,12,98,100,82,69.17,69.99,G
95,12,100,100,81,67.92,69.82,G
94,12,99,100,81,66.97,68.79,G
95,8,99,100,81,66.33,68.26,G
92,11,100,98,82,66.32,68.47,G
92,12,95,100,82,65.76,68.51,G
91,12,99,100,81,64.51,68.08,G
94,12,99,100,81,63.41,67.34,G
93,12,97,99,81,62.36,67.39,G
90,13,98,100,81,61.89,66.82,G
93,12,99,100,81,61.15,66.09,G
92,12,99,100,81,60.05,65.45,G
92,12,100,100,80,58.94,65.55,G
89,12,98,100,81,58.81,65.78,G
90,12,97,100,79,57.79,66.43,G
90,14,98,100,80,56.6,66.02,G
91,11,99,100,80,56.62,66.06,G
91,13,99,100,80,55.66,67.17,G
91,14,100,99,79,54.69,66.49,G
92,12,99,100,80,54.23,65.59,G
91,12,98,100,80,54.37,65.81,G
94,12,98,99,80,55.44,64.78,G
95,12,98,100,81,53.56,64.56,G
92,12,99,100,79,53.83,64.28,G
91,11,98,100,80,52.37,64.12,G
92,12,99,100,79,53.41,63.19,G
92,12,100,100,80,53.51,64.53,G
92,11,97,100,80,52.15,62.97,G
89,13,100,100,79,51.29,63.07,G
92,13,99,100,79,49.79,62.83,G
92,11,98,100,79,49.07,61.91,G
90,11,99,100,79,49.04,62.31,G
94,13,99,100,79,49.32,61.98,G
88,15,98,100,80,48.65,62.15,G
91,13,99,100,80,47.79,60.6,G
59,91,93,100,8,-25.81,-25.6,I
50,93,97,100,7,-29.02,-29.62,I
68,93,97,99,6,-29.16,-29.83,I
73,92,96,99,6,-30.07,-29.77,I
79,91,95,100,5,-29.92,-26.83,I
81,90,93,98,4,-28.73,-26.84,I
80,90,95,98,7,-29.87,-29.04,I
77,89,94,98,8,-31.05,-28.63,I
77,88,94,99,9,-31.23,-27.11,I
76,89,94,99,9,-31.5,-27.32,I
76,87,93,98,9,-31.73,-28.33,I
77,88,94,98,10,-32.59,-28.83,I
77,88,94,100,10,-32.72,-27.75,I
75,86,94,97,11,-32.04,-28.95,I
74,89,93,97,12,-30.87,-30.41,I
73,89,92,99,13,-28.06,-32.36,I
76,87,94,98,12,-25.03,-34.58,I
75,88,93,99,12,-23.27,-37.09,I
76,87,93,97,12,-20.55,-38.94,I
75,87,92,97,13,-18.93,-40.26,I
75,88,93,98,13,-19.93,-40.69,I
74,87,93,97,13,-21.69,-41.97,I
73,86,92,98,13,-22.29,-41.98,I
69,83,94,98,14,-23.86,-41.32,I
69,87,94,95,13,-22.62,-43.33,I
74,88,93,98,14,-23.89,-42.14,I
72,87,93,97,13,-24.27,-42.52,I
74,87,93,98,15,-26.53,-42.09,I
71,88,93,98,15,-28.8,-42.78,I
68,87,93,97,15,-28.84,-42.33,I
75,88,91,97,15,-29.28,-41.37,I
77,87,93,98,16,-30.28,-41.11,I
76,86,93,97,15,-30.2,-40.89,I
77,87,92,97,15,-30.49,-40.63,I
72,88,94,96,15,-32.05,-40.77,I
69,89,92,97,16,-33.43,-39.79,I
71,87,92,96,16,-32.58,-39.91,I
74,87,92,97,16,-31.61,-39.57,I
73,86,92,98,17,-31.38,-39.07,I
74,87,91,98,17,-31.33,-37.98,I
75,88,92,98,17,-31.47,-38.04,I
73,87,92,98,16,-30.83,-38.88,I
73,87,92,97,17,-31.64,-37.09,I
70,87,92,97,17,-33.97,-36.78,I
75,88,93,96,18,-33.74,-35.87,I
78,85,92,100,16,-33.79,-35.94,I
74,87,92,98,17,-34.62,-35.23,I
73,85,92,98,17,-35.83,-35,I
74,87,93,97,17,-35.52,-35.18,I
73,85,92,98,18,-35.07,-35.59,I
74,87,92,98,16,-35.36,-35.64,I
76,87,92,99,17,-35.91,-35.47,I
76,87,92,97,17,-36.32,-35.54,I
73,87,92,97,18,-35.97,-35.13,I
74,87,92,100,19,-38.2,-35.39,I
75,88,92,98,19,-38.05,-34.97,I
75,86,92,98,19,-38.27,-34.43,I
71,86,90,98,18,-37.95,-33.43,I
73,86,92,97,19,-37.75,-33.71,I
75,87,91,97,19,-37.99,-33.98,I
75,85,88,98,19,-38.35,-33.86,I
73,87,93,98,17,-38.97,-33.88,I
73,86,92,97,18,-38.04,-34.38,I
74,85,92,97,18,-38.75,-34.82,I
74,86,92,98,18,-38.67,-34.42,I
77,85,92,99,19,-39.18,-34.43,I
76,87,94,96,18,-39.61,-33.95,I
74,85,92,98,19,-39.5,-33.68,I
74,85,92,97,19,-39.45,-33.44,I
77,85,91,95,18,-39.53,-33.19,I
73,86,91,98,19,-41.07,-33.73,I
73,85,92,98,18,-41.15,-33.3,I
73,86,88,97,18,-41.29,-33.34,I
75,86,90,98,19,-41.16,-32.79,I
75,87,91,98,18,-42.8,-32.17,I
74,89,94,96,18,-43.54,-31.24,I
76,86,92,95,19,-44.96,-30.43,I
74,86,92,98,19,-45.37,-30.03,I
74,87,92,97,19,-47.2,-29.58,I
74,86,91,98,19,-46.1,-30.01,I
75,85,93,98,18,-45.44,-30.16,I
76,85,91,97,19,-44.77,-30.09,I
74,86,91,98,19,-44.98,-29.53,I
75,87,91,96,19,-41.88,-29.32,I
80,81,89,96,19,-41.43,-29.46,I
75,84,93,97,19,-41.22,-29.55,I
76,87,92,98,19,-41.12,-29.41,I
77,86,92,97,19,-43.47,-29.36,I
76,85,92,98,19,-44.13,-27.94,I
78,85,92,96,19,-43.82,-26.37,I
76,85,91,98,19,-43.58,-25.55,I
74,84,91,97,19,-43.61,-25.39,I
76,88,91,97,19,-43.6,-25.17,I
77,84,92,95,19,-43.62,-25.13,I
76,86,93,96,19,-43.01,-25.7,I
76,86,91,97,19,-43.15,-26.27,I
75,86,91,97,19,-43.04,-25.84,I
74,85,91,98,19,-43.28,-25.92,I
77,84,91,96,19,-43.56,-26.81,I
72,85,92,97,19,-45.13,-27.04,I
88,80,87,95,17,-56.31,-20.4,J
83,48,76,84,19,-86.03,-10.59,J
100,85,98,98,21,14,13.56,J
100,89,98,100,21,24.4,-84.69,J
100,94,95,100,20,-2.91,80.11,J
100,94,95,100,18,48.1,78.43,J
100,91,92,98,24,18.97,69.56,J
90,93,94,94,17,-49.98,-46.33,J
100,90,94,95,16,166.59,85.84,J
84,95,98,100,24,120.85,54.31,J
68,95,97,100,20,169.61,72.38,J
47,96,98,100,11,-71.74,58.65,J
99,8,7,9,21,131.9,-40.09,J
94,93,98,100,19,77.34,-74.37,J
92,94,94,99,17,113.19,79.52,J
33,95,97,100,10,6.73,51.78,J
98,95,98,99,11,-75.95,14.37,J
92,95,98,100,12,-31.4,52.56,J
49,5,16,93,91,25.46,5.1,K
77,2,15,88,91,40.24,-8.28,K
9,16,100,100,96,17.06,5.79,L
4,11,100,100,97,15.31,4.58,L
1,11,100,100,97,12.77,6.93,L
2,11,100,100,98,9.73,12.43,L
0,8,99,100,96,0.26,-2.32,L
0,13,100,100,96,0.62,-6.66,L
0,12,100,100,95,2.34,-7.8,L
0,12,100,100,95,6.62,-2.96,L
0,12,100,100,95,7,-2.77,L
0,12,100,100,95,4.64,13.09,L
0,0,80,80,85,8.29,18.54,L
0,1,82,84,86,7.68,16.6,L
0,1,86,84,89,9.02,17.42,L
0,7,92,92,90,10.18,18.47,L
0,8,92,92,90,9.72,15.58,L
0,1,85,87,90,10.14,7.26,L
0,0,87,86,90,11.76,4.07,L
0,4,89,84,91,8.91,5.88,L
0,2,90,85,89,11.11,6.37,L
0,8,92,94,92,11.15,8.87,L
0,7,89,91,91,5.65,17.88,L
9,18,100,100,98,7.76,21.78,L
10,16,100,100,97,16.32,34.09,L
10,15,100,100,98,14.63,39.03,L
7,18,100,100,97,0.42,19.46,L
10,16,100,100,98,-5.39,-7.77,L
8,18,100,100,96,-8.66,-15.04,L
24,14,100,100,99,57.21,-34.82,L
16,14,100,100,99,55.6,-35.23,L
12,15,100,100,100,53.63,-35.26,L
2,15,100,100,99,51.6,-34.05,L
0,15,100,100,99,50.29,-33.04,L
0,15,100,100,100,49.69,-33.49,L
0,15,100,100,97,49.49,-45.06,L
0,15,100,100,98,50.67,-33.19,L
0,18,100,100,98,48.02,-32.29,L
0,17,100,100,97,47.31,-32.01,L
0,16,100,100,97,47.79,-30.03,L
0,18,100,100,96,46.53,-30.42,L
0,18,100,100,97,46.79,-29.05,L
0,15,100,100,97,47.76,-28.2,L
0,17,100,100,97,47.2,-29.49,L
0,18,100,100,97,46.04,-33.43,L
0,18,100,100,96,45.15,-37.81,L
0,19,100,100,97,42.54,-43.85,L
0,19,100,100,96,43.46,-46.53,L
0,19,100,100,97,41.16,-49.93,L
0,19,100,100,96,40.21,-53.46,L
0,19,100,100,96,39.58,-53.36,L
1,19,100,100,96,32.89,-48.47,L
0,18,100,100,96,28.09,-40.73,L
0,19,100,100,96,27.54,-40.54,L
0,19,100,100,96,26.38,-39.63,L
0,19,100,100,96,24.97,-37.28,L
0,19,100,100,96,24.2,-35.82,L
0,19,100,100,97,22.94,-34.09,L
0,17,100,100,95,22.5,-33.26,L
0,19,100,100,96,21.35,-32.6,L
0,19,100,100,96,20.17,-31.18,L
0,19,100,100,96,16.63,-26.34,L
0,19,100,100,96,15.87,-25.61,L
0,18,100,100,95,6.82,-21.18,L
10,14,100,100,98,-3.23,-41.22,L
5,14,100,100,97,-3.45,-40.3,L
0,11,100,100,97,-4.23,-38.8,L
0,12,100,100,97,-5.09,-38.16,L
0,12,100,100,97,-3.5,-36.04,L
0,16,100,100,96,-4.86,-34.15,L
0,16,100,100,97,-2.85,-32.98,L
0,15,100,100,97,-5.26,-38.97,L
0,14,100,100,96,-8.69,-40.12,L
0,17,100,100,96,-8.6,-34.7,L
0,18,100,100,96,-8.52,-27.81,L
0,18,100,100,96,-4.37,-26.26,L
0,18,100,100,96,-2.88,-23.9,L
0,19,100,100,96,-1.4,-21.58,L
0,16,100,100,96,0.11,-21.89,L
0,16,100,100,95,1.66,-19.36,L
0,18,100,100,96,3.38,-19.41,L
0,18,100,100,96,1.05,-22.91,L
0,19,100,100,96,-0.91,-25.21,L
0,18,100,100,97,-2.67,-26.96,L
0,19,100,100,96,-1.19,-25.49,L
0,19,100,100,96,-1.37,-25.26,L
0,19,100,100,97,-1.4,-24.04,L
0,19,100,100,96,-1.28,-23.05,L
0,19,100,100,95,-0.94,-20.48,L
0,19,100,100,95,0.03,-17.34,L
23,17,100,100,98,92.09,36.84,L
5,13,100,100,99,88.85,36.3,L
0,13,100,100,98,87.29,35.79,L
0,14,100,100,98,85.36,35.57,L
0,15,100,100,97,82.81,35.1,L
0,12,100,100,99,80.51,33.63,L
0,14,100,100,98,78.96,33.4,L
0,13,100,100,97,78.44,32.26,L
0,13,100,100,96,77.28,30.88,L
0,11,100,100,97,75.62,31.35,L
0,14,100,100,97,74.46,30.67,L
0,14,100,100,96,72.25,29.97,L
30,14,100,92,98,-36.69,19.99,Q
39,16,100,92,100,-25.46,58.77,Q
66,15,100,88,98,-33.23,-10.68,Q
65,13,99,96,98,-31.41,-0.66,Q
71,13,99,82,99,-30.06,2.34,Q
66,15,100,80,97,-28.52,4.48,Q
59,13,98,91,96,-31.85,3.67,Q
59,15,99,100,96,-31.63,4.13,Q
37,19,98,100,95,-27.37,-7.34,Q
74,18,100,98,98,-28.66,-32.3,Q
79,18,100,100,98,-29.05,-34.92,Q
69,19,100,100,98,-28.89,-39.97,Q
65,19,100,100,97,-27.44,-39.04,Q
63,19,100,100,97,-27.3,-41.15,Q
62,19,100,100,96,-28.17,-45.51,Q
64,19,100,92,97,-27.63,-46.65,Q
57,19,100,100,96,-26.54,-50.45,Q
52,19,100,100,96,-27.21,-56.15,Q
17,16,100,88,98,-25.43,7.4,Q
26,16,100,89,98,-23.71,22.63,Q
31,16,100,88,98,-22.85,34.74,Q
40,16,100,88,98,-21.2,45.6,Q
47,17,100,77,97,-20.41,56.4,Q
45,17,100,79,97,-21.34,54.46,Q
44,17,100,80,97,-20.92,56.03,Q
42,17,100,86,97,-20.6,57.74,Q
43,18,100,89,97,-21.21,58.94,Q
100,100,100,92,100,-99.56,-31.18,S
100,100,100,91,100,-98.77,-31.62,S
100,100,100,92,98,-14.36,-14.28,S
100,99,100,92,98,-16.59,-13.95,S
100,99,100,91,99,-16.12,-13.43,S
100,100,100,95,98,-34.05,-27.84,S
100,100,100,95,99,-32.14,-27.14,S
100,100,100,92,98,-31.76,-27.42,S
100,100,100,98,98,-42.5,-45.9,S
100,100,100,94,99,-39.67,-45.46,S
100,100,100,96,92,25.63,76.32,S
100,100,100,97,99,27.1,75.21,S
100,100,100,94,99,26.9,77.24,S
100,100,100,93,98,-32.66,56.61,S
100,100,100,93,98,-27.97,52.18,S
100,100,100,91,96,-16.16,46.09,S
100,100,100,91,96,-11.36,43.56,S
100,99,100,92,97,-2.37,-7.36,S
100,97,100,92,96,-2.35,-8.31,S
100,100,100,95,97,-67.85,-63.75,S
100,100,100,97,99,-65.09,-66.91,S
100,98,100,94,98,-63.19,-66.02,S
100,100,100,91,96,-62.46,-63.32,S
100,99,100,92,97,-62.37,-63.39,S
100,99,100,94,96,-61.95,-62.84,S
100,99,100,94,96,-61.66,-62.11,S
100,100,100,95,95,-60.97,-61.63,S
100,99,100,97,94,-62.88,-59.75,S
100,12,16,100,100,-55.52,-43.31,U
100,11,12,100,100,-55.93,-41.54,U
100,11,12,100,100,-56.5,-39.02,U
100,11,11,100,100,-57.34,-40.1,U
100,12,12,100,99,-63.03,-41.95,U
100,13,14,100,100,-66.42,-41.42,U
100,11,15,100,100,-70.08,-42.96,U
100,13,16,100,99,-70.01,-39,U
100,14,16,100,99,-69.17,-36.63,U
100,12,19,100,98,-59.19,-36.4,U
100,14,18,100,98,-36.57,-37.97,U
100,16,19,91,97,-48.47,-52.66,U
100,15,19,92,98,-34.6,-70.07,U
100,13,19,90,98,-36.93,-68.85,U
100,14,19,89,98,-38.74,-69.46,U
100,13,18,91,98,-38.28,-69.49,U
100,14,19,92,98,-38.12,-68.18,U
100,12,18,88,96,-32.21,-47.82,U
100,15,18,87,100,-42.69,-51.82,U
100,14,17,89,100,-42.62,-52.04,U
100,15,18,90,100,-39.72,-50.78,U
100,15,19,83,100,-37.16,-46.95,U
100,14,18,84,100,-37.53,-43.24,U
100,14,19,83,100,-37.27,-43.02,U
100,11,16,88,95,-25.89,-39.48,U
100,11,14,85,94,-23.92,-37.85,U
100,12,14,86,94,-22.26,-36.77,U
98,10,16,88,92,-22.75,-34.75,U
100,11,16,92,92,-25.36,-34.29,U
100,11,18,90,92,-25.42,-34.89,U
99,11,19,83,93,-25.48,-33.11,U
100,12,19,83,92,-26.23,-31.8,U
100,14,19,85,93,-30.07,-32.12,U
100,16,18,86,93,-30.32,-32.14,U
100,19,18,89,93,-30.64,-32.07,U
100,16,18,92,93,-30.99,-31.33,U
100,16,19,92,93,-30.79,-31.15,U
100,16,19,91,93,-30.79,-31.15,U
100,14,18,86,91,-30.79,-30.97,U
100,15,19,87,93,-30.7,-30.33,U
100,15,18,87,92,-31.24,-30.09,U
100,12,18,86,93,-31.62,-29.95,U
100,16,19,87,93,-31.57,-26.84,U
100,11,19,86,98,-48.48,-58.03,U
100,13,19,90,99,-44.01,-42.6,U
100,19,12,14,97,-19.82,-9.81,W
100,16,11,12,96,-20.23,-9.05,W
100,12,12,11,99,-20.58,-9.29,W
100,12,12,13,97,-22.03,-8.6,W
100,11,11,12,97,-21.14,-8.38,W
100,12,13,14,98,-20.69,-9.97,W
100,13,11,14,97,-21.64,-11.66,W
100,12,16,15,98,-21.48,-12.66,W
100,15,19,18,97,-20.94,-13.99,W
100,10,15,19,95,-20.89,-13.63,W
100,13,17,19,97,-20.41,-14.86,W
100,16,14,17,100,-15.96,-21.99,W
100,16,11,18,99,-15.05,-21.55,W
100,15,10,19,99,-14.92,-21.64,W
100,13,11,16,99,-14.97,-21.98,W
100,14,11,13,96,-14.36,-21.88,W
100,14,11,15,98,-14.68,-22.7,W
100,14,11,16,100,-14.36,-21.1,W
100,14,11,15,98,-13.55,-21.33,W
100,14,11,16,97,-14.79,-21.76,W
100,14,13,16,98,-11.37,-25.52,W
100,14,11,18,98,-11.72,-25.01,W
100,14,12,18,98,-10.94,-23.85,W
100,14,12,19,98,-10,-25.25,W
100,14,12,19,98,-8.59,-24.73,W
100,14,11,17,98,-4.94,-22,W
100,11,13,17,98,-6.1,-24.11,W
100,17,14,16,96,-27.01,-6.69,W
100,16,12,17,95,-26.99,-6.71,W
100,14,11,17,95,-27.47,-6.69,W
100,14,11,16,96,-28,-7.04,W
100,15,12,14,95,-33.11,-9.97,W
100,14,11,15,94,-32.35,-11.47,W
100,17,12,18,96,-21.6,-14.98,W
100,16,11,17,96,-21.09,-15.94,W
100,16,12,17,95,-21.04,-16.86,W
100,15,12,16,96,-20.87,-17.56,W
100,17,13,16,93,-17.08,-18.45,W
100,16,10,15,93,-19.29,-17.94,W
100,11,11,18,99,-60.81,-22.77,W
100,11,14,19,96,-60.55,-18.32,W
100,35,100,88,94,-25.89,-44.75,X
100,36,100,87,95,-25.46,-44.04,X
100,38,100,86,94,-21.82,-41.71,X
100,40,100,88,94,-21.17,-41.39,X
100,42,100,88,95,-20.58,-41.22,X
100,44,100,89,94,-19.91,-41,X
100,49,100,86,95,-19.66,-40.96,X
100,51,100,86,94,-17.63,-39.51,X
100,50,100,87,94,-17.4,-39.77,X
100,50,100,87,93,-17.43,-39.57,X
100,52,100,88,94,-17.25,-39.27,X
100,53,100,89,94,-17.59,-38.59,X
100,56,100,87,94,-14.53,-37.11,X
100,56,100,90,94,-14.04,-36.81,X
100,57,100,87,94,-13.67,-36.43,X
100,55,100,89,94,-13.67,-35.92,X
100,56,100,87,94,-13.05,-35.08,X
100,57,100,86,94,-11.4,-34.05,X
100,57,98,86,94,-11.2,-33.85,X
100,56,100,88,94,-10.91,-33.86,X
100,56,100,88,93,-10.72,-33.6,X
100,59,100,86,94,-8.55,-32.35,X
100,57,100,86,91,-8.31,-32.16,X
100,57,100,88,94,-7.85,-32.06,X
100,57,100,87,94,-7.71,-31.97,X
100,57,100,86,93,-7.82,-31.76,X
100,59,100,86,94,-5.78,-31.38,X
100,59,100,87,93,-5.55,-31.25,X
100,57,100,87,94,-5.27,-31.07,X
100,57,99,89,94,-5.29,-31.18,X
100,57,100,86,94,-4.59,-31.46,X
100,57,100,87,93,-3.94,-30.49,X
100,59,100,87,93,-3.72,-30.32,X
100,57,100,88,93,-3.8,-30.13,X
100,59,100,87,93,-3.65,-29.6,X
100,59,100,87,93,-3.08,-28.86,X
100,59,100,87,93,-2.94,-28.76,X
100,59,100,87,93,-2.68,-28.48,X
100,59,100,86,93,-2.77,-28.52,X
100,59,100,87,93,-1.38,-28.94,X
100,59,100,89,93,-1.37,-28.9,X
100,56,100,86,93,-1.1,-28.77,X
100,59,100,86,93,-0.86,-28.53,X
100,59,100,88,93,-0.9,-28.87,X
100,59,100,89,93,-1.25,-28.63,X
100,57,100,86,94,-1.21,-28.53,X
100,59,100,87,92,-0.93,-28.58,X
100,59,100,87,93,-0.58,-28.7,X
100,59,100,89,93,0.83,-29.49,X
100,59,100,88,94,0.68,-29.1,X
100,59,100,86,93,2.9,-29.46,X
100,59,100,87,94,3.07,-28.13,X
100,59,100,88,93,3.32,-29.85,X
81,53,100,100,91,-29.53,-62.05,X
91,57,100,100,97,-31.34,-66.66,X
100,51,100,100,99,-30.41,-67.52,X
100,51,100,100,98,-28.77,-66.85,X
78,43,100,100,94,-59.56,74.52,X
100,32,100,100,98,-58.9,70.07,X
100,36,100,92,98,-59.03,71.29,X
100,56,100,87,100,-57.09,74.52,X
100,46,100,100,99,-61.64,72.63,X
100,51,100,100,97,-39.51,-88.8,X
100,55,100,100,97,-38.82,-87.72,X
100,56,100,100,97,-37.77,-87.28,X
100,59,100,100,97,-36.41,-85.14,X
100,57,100,100,97,-35.77,-84.22,X
100,57,100,100,98,-34.77,-83.45,X
100,57,100,100,96,-33.8,-82.63,X
100,56,100,100,97,-31.02,-80.73,X
100,57,100,100,97,-30.47,-80.59,X
100,59,100,100,97,-29.69,-80.15,X
100,57,100,100,98,-27.04,-77.84,X
100,59,100,100,97,-26.53,-77.02,X
100,59,100,100,97,-26.09,-76.15,X
100,59,100,100,97,-25.26,-74.49,X
100,59,100,100,96,-23.97,-72.17,X
100,59,100,100,98,-20.47,-67.82,X
100,59,100,100,96,-18.13,-64.22,X
100,59,100,100,95,-16.2,-61.81,X
100,58,100,100,97,-15.09,-60.67,X
100,59,98,100,97,-13.31,-59.61,X
100,59,100,100,97,-12.69,-59.46,X
100,57,100,100,96,-12.2,-58.81,X
100,57,100,100,96,-11.91,-58.44,X
100,59,100,100,97,-11.02,-57.18,X
100,59,100,100,96,-10.51,-56.46,X
100,59,100,100,96,-8.67,-52.94,X
76,37,93,96,87,2.93,-38.43,X
100,40,100,100,96,19.27,-48.77,X
100,50,100,100,98,19.89,-48.93,X
100,57,100,87,96,19.49,-46.71,X
100,59,99,88,97,19.17,-46.56,X
100,59,100,86,96,19.31,-45.95,X
100,57,100,86,95,18.15,-44.41,X
100,55,100,88,96,17.61,-44.15,X
100,55,100,87,95,17.61,-44.07,X
100,56,100,89,95,17.47,-44.12,X
100,55,100,87,95,17.4,-44.45,X
100,56,100,86,96,17.92,-44.5,X
7,100,100,88,14,-37.67,-51.75,Y
3,98,100,90,12,-38.57,-53.9,Y
6,98,100,90,9,-36.8,-52.11,Y
6,99,100,92,6,-33.27,-39.99,Y
2,97,100,100,5,-31.71,-42.75,Y
5,97,100,100,6,-29.08,-44.51,Y
10,95,100,100,7,-32.47,-45.17,Y
4,95,100,100,8,-33.44,-42.9,Y
4,96,98,100,8,-29.78,-40.21,Y
10,96,99,100,10,-29.95,-40.79,Y
7,96,100,100,10,-30,-41.54,Y
7,96,100,100,10,-28.85,-39.37,Y
7,98,100,100,11,-24.52,-38.7,Y
10,96,99,100,12,-23.49,-39.27,Y
11,94,100,100,12,-23.14,-40.95,Y
9,96,100,100,13,-20.76,-39.51,Y
8,97,99,100,13,-17.73,-41.61,Y
9,95,100,100,14,-17.01,-41.69,Y
6,93,100,100,14,-18.49,-41.52,Y
12,95,100,100,14,-18.31,-41.63,Y
12,97,98,100,15,-18.78,-42.4,Y
12,95,100,100,15,-18.48,-40.26,Y
14,96,100,100,16,-16.26,-39.87,Y
12,96,100,100,16,-14.77,-40.66,Y
15,94,100,100,18,-14.94,-39.79,Y
11,95,100,100,16,-15.27,-38.58,Y
12,95,100,100,17,-14.11,-39.01,Y
12,94,98,100,18,-14.85,-38.06,Y
12,94,100,100,19,-15.02,-39.22,Y
11,95,100,100,18,-14.74,-40.96,Y
13,95,100,100,19,-13.42,-41.26,Y
14,95,100,100,19,-13.58,-40.76,Y
11,96,99,100,19,-13.64,-40.67,Y
15,95,100,100,19,-12.97,-40.4,Y
12,94,100,100,19,-12.4,-39.88,Y
19,94,98,100,19,-10.12,-35.12,Y
15,94,99,100,19,-8.88,-34.67,Y
14,94,100,100,18,-7.75,-34.11,Y
7,100,100,86,15,-35.35,-52.76,Y
19,98,100,95,16,-32.94,-50.76,Y
19,96,100,94,15,-32.05,-49.93,Y
14,93,100,89,16,-31.5,-49.46,Y
13,96,100,93,16,-30.71,-48.15,Y
17,97,100,94,16,-30.44,-47.98,Y
18,98,100,97,17,-30.31,-47.65,Y
15,94,100,96,16,-29.71,-47.53,Y
18,97,100,97,17,-28.4,-47.7,Y
17,96,100,98,17,-23.8,-45.44,Y
17,96,100,95,17,-14.08,-41.2,Y
19,96,100,94,18,-12.93,-42.25,Y
17,96,100,95,18,-13.31,-41.95,Y
14,100,100,82,16,-54.05,-43.6,Y
16,100,100,84,13,-54.49,-42.22,Y
9,100,100,89,9,-53.19,-41.17,Y
17,98,100,87,11,-52.29,-40.78,Y
13,97,100,87,12,-52.13,-41.2,Y
14,98,100,89,12,-50.71,-41.08,Y
15,98,100,89,13,-49.25,-40.93,Y
17,97,100,86,13,-46.19,-40.77,Y
5,97,100,84,15,-46.53,-40.22,Y
6,96,100,83,15,-46.01,-40.67,Y
4,97,99,83,14,-43.89,-40.65,Y
4,96,100,83,16,-43.06,-40.55,Y
6,97,100,85,15,-42.04,-40.34,Y
8,97,100,87,16,-40.44,-40.18,Y
7,97,100,89,15,-38.12,-40.31,Y
8,95,100,90,16,-36.49,-40.21,Y
7,96,100,90,18,-34.7,-39.93,Y
9,97,100,88,19,-31.75,-39.84,Y
7,96,100,87,19,-29.65,-40.1,Y
9,95,100,85,19,-29.76,-39.27,Y
6,92,100,84,19,-28.28,-38.8,Y
10,96,100,86,19,-27.15,-39.06,Y
6,95,100,87,19,-26.19,-39.41,Y
10,96,100,87,19,-26.83,-39.68,Y
10,98,100,88,19,-25.94,-39.97,Y
10,96,100,90,19,-24.51,-39.58,Y
9,96,100,92,19,-20.85,-39.03,Y
12,95,100,88,19,-17.39,-37.97,Y
12,95,100,88,19,-17.15,-37.88,Y
14,96,100,89,19,-16.28,-38.24,Y
13,96,100,89,19,-15.73,-38.19,Y
14,96,100,85,19,-15.66,-38.87,Y
18,97,100,87,19,-12.53,-36.86,Y
18,97,100,92,7,-16.33,-50.14,Y
14,96,100,89,6,-16.02,-49.94,Y
9,96,100,87,7,-15.84,-49.15,Y
9,98,100,86,7,-15.34,-48.54,Y
9,95,100,85,8,-13.02,-49.07,Y
11,96,100,85,8,-11.2,-48.52,Y
10,96,100,86,8,-10.39,-48.82,Y
11,95,100,87,9,-9.3,-48.02,Y
9,98,100,88,10,-9.67,-47.47,Y
10,96,100,89,10,-9.58,-47.68,Y
14,97,100,89,10,-9.03,-48.03,Y
12,96,100,91,10,-9.95,-48.2,Y
13,96,99,89,10,-10.43,-48,Y
11,96,100,89,11,-10.82,-47.17,Y
12,95,100,84,12,-10.79,-46.59,Y
13,94,100,85,11,-10.54,-47.1,Y
100,14,100,95,100,-79.21,-22.18,Z
100,13,96,78,95,-91.53,-66.26,Z
100,15,100,98,88,-32.72,3.24,Z
87,13,92,81,91,34.3,3.6,Z
100,8,94,82,97,13.19,-4.66,Z
